{
  "brbr_potapim_603161": {
    "created": 123456789,
    "used": false,
    "user_id": 5167256067
  },
  "brbr_potapim_628887": {
    "created": 1761650885.4264352,
    "used": false,
    "user_id": 5167256067,
    "username": "jeyaii",
    "approved_by": "admin",
    "approved_time": 1761650885.4264352
  }
}